City_ID,City,Lat,Lng,Max Temp,Humidity,Cloudiness,Wind Speed,Country,Date
0,adamstown,-25.066,-130.1015,22.17,75,61,11.4,PN,1713783626
1,invercargill,-46.4,168.35,6.57,86,46,3.49,NZ,1713783507
2,yellowknife,62.456,-114.3525,-1.25,89,100,3.66,CA,1713783628
3,lubang,13.8584,120.124,29.32,76,5,3.08,PH,1713783629
4,port elizabeth,-33.918,25.5701,20.78,68,28,8.67,ZA,1713783630
5,morada nova,-5.1067,-38.3725,26.32,85,100,2.13,BR,1713783632
6,avarua,-21.2078,-159.775,26.07,70,64,7.03,CK,1713783633
7,holualoa,19.6228,-155.9522,21.9,74,67,1.6,US,1713783634
8,port-aux-francais,-49.35,70.2167,5.37,82,14,11.14,TF,1713783635
9,thompson,55.7435,-97.8558,-0.31,98,100,1.57,CA,1713783636
10,okha,53.5739,142.9478,-3.27,93,27,1.83,RU,1713783637
11,grytviken,-54.2811,-36.5092,0.19,78,54,11.92,GS,1713783638
12,jamestown,42.097,-79.2353,-0.68,89,2,1.16,US,1713783639
13,hermanus,-34.4187,19.2345,19.8,71,34,3.58,ZA,1713783640
14,atafu village,-8.5421,-172.5159,29.59,73,31,3.03,TK,1713783641
15,el charco,2.4769,-78.1105,23.21,98,100,1.98,CO,1713783642
16,ushuaia,-54.8,-68.3,0.96,97,100,2.55,AR,1713783643
17,gibsonton,27.8536,-82.3826,18.29,83,93,5.86,US,1713783644
18,utrik,11.2278,169.8474,28.03,77,100,7.02,MH,1713783645
19,magistral'nyy,56.1725,107.4458,3.8,83,92,1.76,RU,1713783646
20,sorong,-0.8833,131.25,27.68,81,100,2.25,ID,1713783647
21,washington,47.5001,-120.5015,1.35,79,0,1.84,US,1713783648
22,puerto natales,-51.7236,-72.4875,0.16,93,48,2.08,CL,1713783649
23,papatowai,-46.5619,169.4708,7.99,79,58,3.84,NZ,1713783650
24,port alfred,-33.5906,26.891,20.11,88,53,10.18,ZA,1713783651
25,corner brook,48.9667,-57.9484,4.83,78,66,3.89,CA,1713783652
26,hithadhoo,-0.6,73.0833,29.76,68,100,0.39,MV,1713783653
27,nar'yan-mar,67.6713,53.087,-6.48,84,96,2.44,RU,1713783654
28,dawukou,39.0419,106.3958,13.69,13,0,10.52,CN,1713783655
29,yigo village,13.5361,144.8886,26.46,79,26,6.31,GU,1713783656
30,belmonte,-15.8631,-38.8828,24.47,90,77,4.48,BR,1713783657
31,haiku-pauwela,20.9219,-156.3051,21.08,79,45,6.88,US,1713783658
32,hawaiian paradise park,19.5933,-154.9731,21.49,84,80,4.55,US,1713783660
33,klyuchi,52.2667,79.1667,17.13,24,19,7.82,RU,1713783661
34,les anglais,18.3054,-74.2197,23.14,84,2,1.94,HT,1713783662
35,quiberon,47.4841,-3.1196,10.66,53,11,5.79,FR,1713783663
36,lincoln city,44.9582,-124.0179,5.41,90,13,3.06,US,1713783664
37,bilibino,68.0546,166.4372,-17.32,91,34,2.07,RU,1713783665
38,daru,-9.0763,143.2092,27.81,86,99,5.12,PG,1713783667
39,albany,42.6001,-73.9662,-0.39,83,6,2.38,US,1713783668
40,lashio,22.9333,97.75,34.65,19,64,2.89,MM,1713783669
41,tezu,27.9167,96.1667,31.44,29,91,1.42,IN,1713783670
42,constantia,44.1833,28.65,11.39,79,74,9.14,RO,1713783671
43,waitangi,-43.9535,-176.5597,11.3,66,43,14.49,NZ,1713783672
44,tura,25.5198,90.2201,36.44,15,64,4.53,IN,1713783673
45,margaret river,-33.95,115.0667,14.83,54,0,5.84,AU,1713783569
46,bethel,41.3712,-73.414,0.79,74,23,1.23,US,1713783675
47,turbat,26.0023,63.044,34.74,23,0,4.8,PK,1713783676
48,saint-francois,46.4154,3.9054,8.26,52,69,4.91,FR,1713783677
49,ugoofaaru,5.6667,73.0,30.02,77,100,4.97,MV,1713783678
50,qaqortoq,60.7167,-46.0333,-0.54,91,99,1.83,GL,1713783679
51,fort bragg,35.139,-79.006,7.77,88,100,3.71,US,1713783680
52,port mathurin,-19.6833,63.4167,26.95,81,55,6.71,MU,1713783681
53,revda,56.801,59.9303,18.87,48,77,3.16,RU,1713783682
54,ribeira grande,38.5167,-28.7,14.9,78,100,6.89,PT,1713783683
55,blackmans bay,-43.0167,147.3167,12.68,80,100,1.6,AU,1713783684
56,molde,62.7375,7.1591,5.18,60,97,1.94,NO,1713783685
57,college,64.8569,-147.8028,0.01,98,75,0.59,US,1713783686
58,bredasdorp,-34.5322,20.0403,23.82,50,5,4.25,ZA,1713783687
59,iqaluit,63.7506,-68.5145,-19.77,95,37,2.61,CA,1713783688
60,fort st. john,56.2499,-120.8529,3.14,94,91,2.52,CA,1713783689
61,zouerate,22.7187,-12.4521,24.91,31,61,3.58,MR,1713783690
62,alofi,-19.0595,-169.9187,26.27,76,95,5.25,NU,1713783691
63,freetown,8.484,-13.2299,28.38,70,82,3.54,SL,1713783692
64,nizhneangarsk,55.7833,109.55,-0.86,96,88,1.21,RU,1713783693
65,wailua homesteads,22.0669,-159.378,21.19,69,66,5.93,US,1713783694
66,port moresby,-9.4431,147.1797,26.71,89,47,5.76,PG,1713783696
67,stanley,54.868,-1.6985,7.82,93,100,0.84,GB,1713783697
68,shixing,24.9482,114.0657,23.18,92,59,0.5,CN,1713783698
69,kidal,18.4411,1.4078,39.95,6,68,3.33,ML,1713783699
70,taltal,-25.4,-70.4833,17.53,83,4,0.59,CL,1713783700
71,whitehorse,60.7161,-135.0538,-0.31,88,13,1.69,CA,1713783701
72,robertsport,6.7533,-11.3686,27.75,81,100,3.01,LR,1713783702
73,kourou,5.1552,-52.6478,25.98,91,100,1.25,GF,1713783704
74,enewetak,11.3474,162.3373,27.79,77,55,8.19,MH,1713783706
75,cockburn town,21.4612,-71.1419,25.15,78,16,7.35,TC,1713783707
76,touros,-5.1989,-35.4608,27.97,79,100,4.24,BR,1713783708
77,jardim de piranhas,-6.3786,-37.3519,27.52,74,55,5.11,BR,1713783709
78,nyurba,63.2842,118.3319,0.64,100,100,1.42,RU,1713783710
79,dudinka,69.4058,86.1778,-15.0,92,90,2.26,RU,1713783711
80,afaahiti,-17.75,-149.2833,25.97,85,87,5.58,PF,1713783713
81,sferracavallo,42.726,12.0956,12.93,76,66,8.38,IT,1713783714
82,port-vila,-17.7338,168.3219,26.05,90,100,1.95,VU,1713783715
83,al kharijah,25.4514,30.5464,36.87,4,46,4.29,EG,1713783716
84,chonchi,-42.6128,-73.8092,6.41,94,100,0.93,CL,1713783717
85,lysyye gory,51.5506,44.8414,20.66,35,85,4.04,RU,1713783718
86,argo,37.6333,22.7333,20.34,50,98,4.67,GR,1713783720
87,rikaze,29.25,88.8833,16.66,4,99,6.91,CN,1713783721
88,bubaque,11.2833,-15.8333,24.48,68,75,2.93,GW,1713783722
89,nemuro,43.3236,145.575,2.55,92,94,5.59,JP,1713783724
90,el porvenir,13.7617,-87.3458,24.26,83,100,0.98,HN,1713783725
91,pavilosta,56.8879,21.1859,1.21,97,100,12.55,LV,1713783726
92,rapla,59.0072,24.7928,0.64,96,100,6.09,EE,1713783727
93,cidreira,-30.1811,-50.2056,20.23,79,86,1.29,BR,1713783728
94,greenville,35.6127,-77.3663,6.46,82,100,4.59,US,1713783729
95,oranjestad,12.524,-70.027,26.54,86,99,8.08,AW,1713783730
96,new glasgow,45.5834,-62.6486,4.21,79,60,5.45,CA,1713783731
97,senador jose porfirio,-2.5908,-51.9542,23.3,99,100,1.91,BR,1713783732
98,kodiak,57.79,-152.4072,2.74,90,88,1.22,US,1713783733
99,ebon,4.582,168.6964,28.49,83,100,6.34,MH,1713783735
100,villa juarez,24.6536,-107.5411,18.6,51,0,0.86,MX,1713783736
101,turpan,42.9333,89.1667,31.9,10,1,2.18,CN,1713783737
102,andergrove,-21.0833,149.1833,23.66,82,37,11.05,AU,1713783738
103,nabire,-3.3667,135.4833,25.97,90,100,1.13,ID,1713783739
104,rottenburg an der laaber,48.7,12.0333,6.45,50,91,3.01,DE,1713783740
105,punta arenas,-53.15,-70.9167,5.12,83,72,4.75,CL,1713783537
106,palanga,55.9175,21.0686,1.89,97,100,11.69,LT,1713783742
107,galesong,-5.3166,119.3661,28.58,76,100,1.14,ID,1713783743
108,okoneshnikovo,54.8377,75.0834,14.06,37,7,7.71,RU,1713783744
109,tosontsengel,48.7567,98.2839,4.71,53,82,7.51,MN,1713783745
110,saint-pierre,-21.3393,55.4781,26.9,81,26,1.68,RE,1713783746
111,olonkinbyen,70.9221,-8.7187,-3.33,60,0,8.24,SJ,1713783747
112,portland,45.5234,-122.6762,5.0,86,1,1.13,US,1713783598
113,santa ana,33.7456,-117.8678,14.07,85,2,1.58,US,1713783600
114,langepas,61.2544,75.2124,-9.23,76,100,7.68,RU,1713783751
115,badamdar,40.3394,49.8039,19.44,55,78,12.52,AZ,1713783752
116,cabo san lucas,22.8909,-109.9124,20.87,62,0,5.35,MX,1713783628
117,funafuti,-8.5243,179.1942,29.8,72,98,2.94,TV,1713783754
118,east london,-33.0153,27.9116,25.71,77,90,5.78,ZA,1713783605
119,edinburgh of the seven seas,-37.0676,-12.3116,16.69,85,43,7.79,SH,1713783756
120,lihue,21.9789,-159.3672,21.58,69,59,6.42,US,1713783757
121,teknaf,20.8624,92.3058,29.71,79,73,5.67,BD,1713783758
122,kahror pakka,29.6238,71.9167,37.12,11,60,3.26,PK,1713783759
123,fale old settlement,-9.3852,-171.2468,29.35,76,5,2.96,TK,1713783760
124,ulsteinvik,62.3432,5.8487,5.22,74,99,4.01,NO,1713783761
125,veraval,20.9,70.3667,29.76,55,0,9.43,IN,1713783762
126,petrovka,53.0503,103.1,6.09,61,100,1.43,RU,1713783763
127,sabha,27.0377,14.4283,39.69,4,100,9.45,LY,1713783764
128,rio grande,-32.035,-52.0986,20.95,83,100,6.4,BR,1713783765
129,nantucket,41.2835,-70.0995,6.27,62,22,9.23,US,1713783766
130,churapcha,62.0025,132.4325,1.76,96,78,3.56,RU,1713783767
131,cochin,9.9399,76.2602,30.82,72,43,5.57,IN,1713783768
132,la ronge,55.1001,-105.2842,0.06,95,71,3.44,CA,1713783769
133,ilulissat,69.2167,-51.1,1.92,89,100,3.19,GL,1713783770
134,remire-montjoly,4.9167,-52.2667,26.46,86,100,1.85,GF,1713783594
135,andujar,38.0392,-4.0508,20.0,58,8,0.64,ES,1713783772
136,anadyr,64.75,177.4833,-11.3,89,100,0.99,RU,1713783773
137,conception bay south,47.4999,-52.9981,4.75,80,100,2.88,CA,1713783774
138,pandan,14.0453,124.1694,27.68,84,20,4.5,PH,1713783775
139,lyubinskiy,55.1542,72.6925,15.31,36,9,6.76,RU,1713783776
140,st. john's,47.5649,-52.7093,4.58,86,100,2.52,CA,1713783497
141,tiksi,71.6872,128.8694,-8.18,94,100,7.12,RU,1713783778
142,badger,64.8,-147.5333,0.53,98,69,0.64,US,1713783779
143,puerto ayora,-0.7393,-90.3518,23.87,94,77,3.25,EC,1713783780
144,namibe,-15.1961,12.1522,30.16,54,45,3.96,AO,1713783781
145,burang,30.25,81.1667,2.72,64,20,4.78,CN,1713783782
146,kruisfontein,-34.0033,24.7314,20.56,59,0,9.41,ZA,1713783784
147,tolanaro,-25.0319,46.9987,25.0,69,4,3.13,MG,1713783785
148,waingapu,-9.6567,120.2641,26.66,79,100,4.54,ID,1713783786
149,bikenibeu village,1.3673,173.1241,28.83,77,56,5.17,KI,1713783787
150,nova sintra,14.8667,-24.7167,22.95,68,80,6.53,CV,1713783788
151,puerto madryn,-42.7692,-65.0385,10.42,68,86,6.03,AR,1713783789
152,sitka,57.0531,-135.33,5.49,85,100,1.79,US,1713783568
153,ivanteyevka,55.9711,37.9208,15.25,52,86,8.15,RU,1713783791
154,vicente camalote,18.5139,-96.525,23.14,91,95,1.11,MX,1713783792
155,weno,7.4515,151.8468,28.57,82,31,7.32,FM,1713783793
156,kirakira,-10.4544,161.9205,27.57,86,94,1.34,SB,1713783794
157,jinka,5.65,36.65,27.28,52,23,1.61,ET,1713783795
158,petropavlovsk-kamchatsky,53.0452,158.6483,1.03,80,16,2.05,RU,1713783796
159,vadso,70.0744,29.7487,-5.43,66,12,9.46,NO,1713783797
160,guadalajara,20.6667,-103.3333,15.88,24,0,0.5,MX,1713783600
161,luderitz,-26.6481,15.1594,23.31,56,11,5.14,NA,1713783799
162,saipan,15.1355,145.701,27.66,79,2,7.02,MP,1713783800
163,anuradhapura,8.3565,80.4173,35.59,42,35,5.37,LK,1713783801
164,talnakh,69.4865,88.3972,-11.78,87,90,1.5,RU,1713783802
165,dakhla,23.6848,-15.958,19.4,72,40,6.75,EH,1713783803
166,westport,41.1415,-73.3579,3.48,66,22,3.22,US,1713783680
167,pacific grove,36.6177,-121.9166,11.94,88,30,1.57,US,1713783637
168,hamilton,39.1834,-84.5333,3.11,66,0,0.66,US,1713783806
169,cutral-co,-38.9469,-69.2089,7.4,69,99,6.0,AR,1713783807
170,el granada,37.5027,-122.4694,10.51,89,3,1.41,US,1713783808
171,quellon,-43.1167,-73.6167,7.61,87,100,2.16,CL,1713783809
172,alice springs,-23.7,133.8833,20.2,44,100,4.81,AU,1713783607
173,vilyuchinsk,52.9306,158.4028,1.57,79,22,2.4,RU,1713783812
174,iskateley,67.6803,53.1512,-6.42,84,95,2.41,RU,1713783813
175,macas,-2.3167,-78.1167,20.38,98,100,0.52,EC,1713783814
176,grand falls-windsor,48.9332,-55.6649,4.31,66,100,2.26,CA,1713783815
177,pursat,12.3333,103.6667,32.8,41,74,2.03,KH,1713783816
178,bloemfontein,-29.1211,26.214,27.61,22,89,9.74,ZA,1713783634
179,lerwick,60.1545,-1.1494,8.68,69,66,7.11,GB,1713783818
180,mata-utu,-13.2816,-176.1745,29.35,76,94,2.57,WF,1713783819
181,riverside,33.7333,-116.0508,21.24,24,0,1.38,US,1713783774
182,tazovsky,67.4667,78.7,-10.92,90,100,3.53,RU,1713783821
183,sabang,5.8933,95.3214,29.77,68,58,3.63,ID,1713783822
184,hatillo,18.4863,-66.8254,24.22,84,0,3.29,PR,1713783823
185,puerto baquerizo moreno,-0.9,-89.6,23.75,92,58,4.16,EC,1713783824
186,longyearbyen,78.2186,15.6401,2.24,86,89,4.27,SJ,1713783772
187,mount isa,-20.7333,139.5,23.26,37,31,4.58,AU,1713783826
188,yeed,4.55,43.0333,31.55,51,100,3.33,SO,1713783827
189,petrovsk,52.3064,45.3917,19.16,67,100,2.03,RU,1713783828
190,san patricio,28.017,-97.5169,14.83,68,81,4.44,US,1713783829
191,dunedin,-45.8742,170.5036,9.02,72,21,5.25,NZ,1713783830
192,mejit,10.2753,170.8646,27.33,88,93,8.48,MH,1713783831
193,maksatikha,57.797,35.8825,15.3,86,100,4.25,RU,1713783832
194,sucua,-2.4667,-78.1667,20.81,98,100,0.69,EC,1713783833
195,toliara,-23.35,43.6667,29.23,49,0,6.53,MG,1713783834
196,sarina,-21.4333,149.2167,22.73,81,32,7.74,AU,1713783835
197,inirida,3.8653,-67.9239,23.83,98,100,0.54,CO,1713783836
198,belyy yar,53.6039,91.3903,6.38,79,99,6.81,RU,1713783837
199,port lincoln,-34.7333,135.8667,17.23,59,26,1.89,AU,1713783838
200,taurage,55.2522,22.2897,1.49,98,100,5.0,LT,1713783839
201,kailua-kona,19.6406,-155.9956,24.05,70,65,1.97,US,1713783841
202,midvagur,62.0511,-7.1939,6.55,73,43,2.31,FO,1713783842
203,ancud,-41.8697,-73.8203,7.76,92,100,1.7,CL,1713783844
204,okhotsk,59.3833,143.3,-2.5,96,100,1.61,RU,1713783845
205,itoman,26.1247,127.6694,24.41,87,100,4.4,JP,1713783846
206,new norfolk,-42.7826,147.0587,10.67,93,100,1.4,AU,1713783847
207,plettenberg bay,-34.0527,23.3716,19.8,67,5,5.34,ZA,1713783848
208,talara,-4.5772,-81.2719,23.07,78,100,4.7,PE,1713783850
209,isafjordur,66.0755,-23.124,4.36,66,24,2.45,IS,1713783851
210,svetlyy,54.675,20.1347,3.45,90,100,7.59,RU,1713783852
211,mar del plata,-38.0023,-57.5575,13.06,61,97,7.54,AR,1713783853
212,kot addu,30.4692,70.9671,35.8,15,0,2.41,PK,1713783854
213,miramichi,47.0043,-65.4654,2.65,76,65,4.22,CA,1713783855
214,baza,37.4907,-2.7726,18.23,46,0,3.97,ES,1713783856
215,pyt-yakh,60.7499,72.8582,-7.66,75,100,6.89,RU,1713783857
216,vorgashor,67.5833,63.95,-10.02,88,100,5.71,RU,1713783858
217,prince rupert,54.3161,-130.3201,4.86,86,83,2.12,CA,1713783859
218,kralendijk,12.15,-68.2667,26.75,85,100,6.77,BQ,1713783860
219,quepos,9.4236,-84.1652,25.85,79,100,0.99,CR,1713783861
220,letlhakane,-21.4167,25.5833,31.43,13,0,3.79,BW,1713783862
221,manadhoo,5.7667,73.3833,30.19,75,100,5.22,MV,1713783863
222,mil'kovo,55.6078,37.7956,13.0,58,87,8.54,RU,1713783864
223,rio preto da eva,-2.6994,-59.6997,22.92,99,99,0.66,BR,1713783865
224,aykhal,66.0,111.5,-1.15,98,100,3.68,RU,1713783866
225,acapulco de juarez,16.8634,-99.8901,22.18,62,34,1.22,MX,1713783623
226,mossel bay,-34.1831,22.146,19.5,70,0,5.02,ZA,1713783868
227,antsiranana,-12.2787,49.2917,29.81,69,45,6.74,MG,1713783869
228,san francisco telixtlahuaca,17.3,-96.9,15.34,95,66,1.69,MX,1713783870
229,kapa'a,22.0752,-159.319,22.32,67,56,6.8,US,1713783871
230,praia da vitoria,38.7333,-27.0667,14.43,93,100,2.55,PT,1713783872
231,laizhou,37.1717,119.9214,18.54,55,80,5.79,CN,1713783873
232,moncton,46.1159,-64.8019,4.48,79,76,4.76,CA,1713783800
233,pyhajarvi,67.0701,27.2176,-5.08,82,100,3.1,FI,1713783875
234,havre,49.5833,0.3333,8.62,67,39,5.73,FR,1713783876
235,manhattan beach,33.8847,-118.4109,13.5,87,47,1.47,US,1713783878
236,salinopolis,-0.6136,-47.3561,26.52,86,98,1.1,BR,1713783878
237,west island,-12.1568,96.8225,27.1,83,43,9.62,CC,1713783822
238,yurty,56.0498,97.6348,2.62,82,91,6.54,RU,1713783880
239,hotan,37.0997,79.9269,26.69,10,10,5.19,CN,1713783881
240,connellsville,40.0178,-79.5895,0.22,78,6,1.76,US,1713783882
241,nova zagora,42.4833,26.0167,17.59,42,44,1.2,BG,1713783884
242,udachny,66.4167,112.4,0.93,99,100,0.31,RU,1713783885
243,kenai,60.5544,-151.2583,1.62,94,98,3.22,US,1713783886
244,ta`u,-14.2336,-169.5144,28.54,79,32,5.86,AS,1713783888
245,uturoa,-16.7333,-151.4333,28.22,74,2,0.8,PF,1713783889
246,anar darah,32.7587,61.654,30.94,13,0,4.49,AF,1713783890
247,new plymouth,-39.0667,174.0833,12.59,85,13,3.58,NZ,1713783633
248,ozieri,40.586,9.0012,12.82,39,41,6.13,IT,1713783891
249,bandarbeyla,9.4942,50.8122,30.36,59,100,4.74,SO,1713783892
250,geraldton,-28.7667,114.6,21.02,78,62,12.57,AU,1713783894
251,uvalde,29.3669,-99.767,13.49,57,100,3.43,US,1713783895
252,santa terezinha,-29.9002,-50.0904,19.98,75,97,1.07,BR,1713783896
253,lebu,-37.6167,-73.65,11.27,80,91,5.74,CL,1713783897
254,ceelbuur,4.685,46.6176,35.16,38,75,0.79,SO,1713783898
255,arraial do cabo,-22.9661,-42.0278,22.64,76,0,6.01,BR,1713783899
256,la passe,45.5549,-0.8967,10.86,52,2,5.08,FR,1713783900
257,luena,-11.7833,19.9167,27.66,41,39,3.38,AO,1713783901
258,salima,-13.7804,34.4587,29.41,44,1,2.58,MW,1713783902
259,gadzhiyevo,69.2551,33.3362,-6.55,66,5,10.31,RU,1713783903
260,griffith,41.5284,-87.4237,6.35,63,3,2.46,US,1713783904
261,siem reap,13.5,104.0,37.3,28,4,2.73,KH,1713783905
262,hryhoriopol,47.1536,29.2964,10.92,64,100,3.26,MD,1713783906
263,gorontalo,0.5412,123.0595,24.5,100,100,1.74,ID,1713783908
264,labytnangi,66.6572,66.4183,-10.16,77,63,5.26,RU,1713783909
265,petawawa,45.9001,-77.3328,-4.31,83,10,1.28,CA,1713783910
266,artsyz,45.9919,29.4182,8.81,93,100,8.31,UA,1713783911
267,barclayville,4.6797,-8.2339,32.49,60,92,2.1,LR,1713783912
268,sweet home,44.3976,-122.7362,2.91,87,29,1.31,US,1713783870
269,aksu,41.1231,80.2644,25.65,17,96,2.88,CN,1713783915
270,suntar,62.1444,117.6319,1.05,99,100,1.48,RU,1713783916
271,vieux-habitants,16.0589,-61.7659,26.55,73,8,4.49,GP,1713783918
272,boguchany,58.3814,97.4531,1.86,99,100,2.41,RU,1713783919
273,yaren,-0.5472,166.916,29.02,73,91,3.08,NR,1713783921
274,alaghsas,17.0187,8.0168,40.63,12,3,7.59,NE,1713783923
275,vilyuysk,63.7553,121.6247,-0.3,97,100,2.12,RU,1713783924
276,sumbawa besar,-8.5,117.4333,25.15,97,100,1.13,ID,1713783925
277,mermoz boabab,14.7065,-17.4758,20.91,82,100,5.09,SN,1713783926
278,hadibu,12.65,54.0333,30.71,63,98,3.6,YE,1713783927
279,zabaykal'sk,49.6333,117.3167,3.34,97,98,6.11,RU,1713783928
280,sebastian,35.1668,-94.2669,3.78,75,0,0.92,US,1713783810
281,ola,59.5833,151.2833,-4.18,92,34,0.66,RU,1713783930
282,kayes,14.0,-11.0,34.58,17,66,5.73,ML,1713783931
283,plymouth,41.8334,-70.8328,2.11,68,28,2.7,US,1713783932
284,isangel,-19.55,169.2667,26.2,89,100,3.32,VU,1713783933
285,lompoc,34.6391,-120.4579,11.49,94,20,1.36,US,1713783934
286,areado,-21.3586,-46.1456,16.44,76,0,0.78,BR,1713783935
287,acarau,-2.8856,-40.12,25.05,91,100,3.68,BR,1713783909
288,hami,42.8,93.45,24.46,10,2,1.29,CN,1713783937
289,brookings,44.3114,-96.7984,7.17,54,88,6.99,US,1713783938
290,georgetown,5.4112,100.3354,29.85,76,100,2.92,MY,1713783940
291,ust-nera,64.5667,143.2,-6.64,98,74,1.76,RU,1713783941
292,vila franca do campo,37.7167,-25.4333,17.16,84,100,2.31,PT,1713783942
293,wellington,-41.2866,174.7756,11.64,74,95,6.46,NZ,1713783192
294,urengoy,65.9667,78.3667,-11.1,83,100,6.53,RU,1713783943
295,crane,31.3974,-102.3501,10.51,66,100,3.59,US,1713783944
296,anloga,5.7947,0.8973,29.29,70,99,3.0,GH,1713783946
297,cukurca,37.2481,43.6136,20.66,35,13,2.98,TR,1713783947
298,valparaiso,-33.0393,-71.6273,14.96,82,84,3.13,CL,1713783948
299,cotonou,6.3654,2.4183,30.75,65,99,3.99,BJ,1713783949
300,mana,5.6592,-53.7767,26.03,89,65,3.87,GF,1713783950
301,mandalgovi,45.7625,106.2708,5.47,28,8,5.2,MN,1713783952
302,fairbanks,64.8378,-147.7164,0.01,98,71,0.63,US,1713783902
303,ponta delgada,37.7333,-25.6667,17.06,84,100,3.69,PT,1713783954
304,trancas,-26.2314,-65.2803,19.03,92,32,0.19,AR,1713783955
305,port douglas,-16.4833,145.4667,23.9,70,65,4.29,AU,1713783956
306,cannonvale,-20.2833,148.7,23.68,82,95,9.8,AU,1713783957
307,kayangel,8.0823,134.7173,29.06,78,99,8.13,PW,1713783958
308,ouadda,8.0777,22.4007,38.34,25,86,2.85,CF,1713783959
309,scarborough,54.2797,-0.4044,4.25,94,100,1.56,GB,1713783960
310,taybad,34.74,60.7756,30.2,15,13,3.54,IR,1713783961
311,suva,-18.1416,178.4415,25.8,90,93,2.91,FJ,1713783962
312,foumban,5.7291,10.9001,26.15,64,99,2.13,CM,1713783963
313,grand-bassam,5.2118,-3.7388,31.66,64,100,2.11,CI,1713783964
314,mboursou lere,9.7639,14.1539,36.72,31,97,4.05,TD,1713783965
315,bardai,11.65,7.2333,37.26,21,82,2.59,NG,1713783966
316,basoko,1.2391,23.616,35.64,36,36,0.73,CD,1713783967
317,nizhniy lomov,53.5304,43.6766,19.44,40,88,5.96,RU,1713783969
318,kuala belait,4.5833,114.1833,27.59,81,86,1.94,BN,1713783970
319,lalsot,26.5667,76.3333,37.16,11,12,4.19,IN,1713783971
320,labrador city,52.9463,-66.9114,-11.88,89,100,5.82,CA,1713783973
321,lata,40.1629,-8.3327,20.42,32,25,4.32,PT,1713783974
322,altay,47.8667,88.1167,16.71,33,5,2.59,CN,1713783976
323,colonia,50.9333,6.95,9.38,44,100,3.32,DE,1713783977
324,nema,57.5067,50.5011,21.07,46,100,5.87,RU,1713783978
325,vila velha,-20.3297,-40.2925,24.31,64,1,1.15,BR,1713783979
326,carnarvon,-24.8667,113.6333,24.15,70,85,11.14,AU,1713783980
327,taksimo,56.3444,114.8794,4.29,63,94,1.87,RU,1713783982
328,eureka,40.8021,-124.1637,10.24,79,83,1.59,US,1713783983
329,baicheng,45.6167,122.8167,14.87,47,100,3.12,CN,1713783984
330,saudarkrokur,65.7461,-19.6394,7.25,49,59,5.33,IS,1713783985
331,manokwari,-0.8667,134.0833,27.98,77,27,2.42,ID,1713783986
332,cestos city,5.46,-9.5828,30.64,67,100,3.55,LR,1713783987
333,veinticinco de mayo,-35.4323,-60.1727,12.96,95,100,6.4,AR,1713783988
334,korla,41.7597,86.1469,26.33,14,32,3.59,CN,1713783990
335,lorengau,-2.0226,147.2712,28.16,74,98,2.41,PG,1713783991
336,karratha,-20.7377,116.8463,26.55,53,0,3.99,AU,1713783992
337,hasaki,35.7333,140.8333,16.72,71,96,5.92,JP,1713783993
338,ambon,-3.6954,128.1814,27.9,82,98,2.72,ID,1713783994
339,springbok,-29.6643,17.8865,23.12,36,91,5.46,ZA,1713783995
340,maceio,-9.6658,-35.7353,26.71,84,97,1.49,BR,1713783996
341,paungde,18.4833,95.5,42.13,17,10,1.03,MM,1713783997
342,kingston,17.997,-76.7936,22.69,86,1,1.3,JM,1713783998
343,binhe,32.6883,112.8275,23.11,60,100,2.21,CN,1713783999
344,codrington,-38.2667,141.9667,10.17,81,29,3.05,AU,1713784000
345,gwadar,25.1216,62.3254,28.77,62,0,6.7,PK,1713784001
346,rabaul,-4.1967,152.1721,28.37,76,87,1.23,PG,1713784002
347,florida,28.7505,-82.5001,13.9,96,18,3.35,US,1713784003
348,tazacorte,28.629,-17.9293,20.61,60,100,1.32,ES,1713784004
349,abong mbang,3.9833,13.1833,24.3,91,100,1.43,CM,1713784005
350,oneida,43.2001,-75.4663,-0.24,75,64,0.38,US,1713784006
351,kulykivka,51.3735,31.6466,8.95,70,89,8.35,UA,1713784007
352,tremonton,41.7119,-112.1655,9.03,67,100,1.6,US,1713784008
353,esquel,-42.9,-71.3167,4.93,75,100,1.2,AR,1713784009
354,kerikeri,-35.2268,173.9474,12.66,94,1,2.05,NZ,1713784010
355,bel ombre,-4.6167,55.4167,29.0,75,100,3.71,SC,1713784011
356,joal-fadiout,14.1667,-16.8333,24.2,62,79,4.86,SN,1713784012
357,bethanie,-26.4833,17.15,32.37,17,54,6.54,NA,1713784013
358,tateyama,34.9833,139.8667,15.5,82,100,5.66,JP,1713784014
359,paranaiba,-19.6772,-51.1908,22.6,64,7,1.26,BR,1713784015
360,mount pearl,47.5166,-52.7813,5.01,83,100,2.13,CA,1713783883
361,san jose,37.3394,-121.895,16.2,71,1,0.39,US,1713783763
362,monrovia,6.3005,-10.7969,29.35,73,100,3.48,LR,1713784018
363,kavaratti,10.5669,72.642,30.51,72,20,2.59,IN,1713784019
364,pangody,65.85,74.4859,-10.46,89,100,8.07,RU,1713784020
365,viedma,-40.8135,-62.9967,11.12,84,90,3.28,AR,1713783803
366,macau,22.2006,113.5461,25.41,90,100,4.07,MO,1713784022
367,newman,37.3138,-121.0208,16.01,75,1,1.62,US,1713784023
368,fada,9.5667,8.3,34.61,35,97,2.66,NG,1713784024
369,mount gambier,-37.8333,140.7667,10.73,57,54,1.89,AU,1713784025
370,nuevitas,21.5453,-77.2644,22.96,90,0,1.5,CU,1713784026
371,ardakan,32.31,54.0175,25.8,27,100,3.38,IR,1713784027
372,high rock,26.6208,-78.2833,24.61,75,38,6.95,BS,1713784028
373,hemsby,52.6971,1.6918,7.74,56,82,4.39,GB,1713784029
374,guelmim,28.987,-10.0574,24.44,31,75,2.34,MA,1713784030
375,shiprock,36.7855,-108.687,14.88,23,0,2.81,US,1713784031
376,kill devil hills,36.0307,-75.676,10.7,58,100,10.22,US,1713784032
377,caldas novas,-17.7417,-48.625,20.5,70,0,1.15,BR,1713784033
378,mcpherson,38.3708,-97.6642,5.74,70,2,5.98,US,1713783940
379,sao joao da barra,-21.6403,-41.0511,21.9,76,0,3.21,BR,1713784035
380,masuguru,-11.3667,38.4167,29.77,60,26,1.87,TZ,1713784036
381,margate,51.3813,1.3862,8.04,67,16,6.39,GB,1713784037
382,nguigmi,14.2495,13.1092,37.56,11,22,5.27,NE,1713784038
383,ust'-ordynskiy,52.805,104.7508,6.24,61,100,2.02,RU,1713784039
384,champerico,14.3,-91.9167,27.82,79,15,1.4,GT,1713784040
385,tokmok,42.8417,75.3016,23.35,43,0,4.33,KG,1713784041
386,namdrik,5.5994,168.1028,28.38,84,100,6.84,MH,1713784042
387,singapore,1.2897,103.8501,30.04,73,16,3.88,SG,1713783760
388,bukama,-9.2,25.85,32.03,51,6,1.8,CD,1713784044
389,jeddah,21.5169,39.2192,30.12,47,0,5.97,SA,1713784045
390,poronaysk,49.2167,143.1167,1.89,88,100,3.56,RU,1713784046
391,iguape,-24.7081,-47.5553,19.5,88,8,1.38,BR,1713784047
392,idfu,24.9803,32.8747,37.72,7,27,4.84,EG,1713784049
393,onguday,50.75,86.15,13.74,65,100,4.02,RU,1713784050
394,rongelap,11.1635,166.8941,27.72,77,100,6.86,MH,1713784051
395,mizdah,31.4451,12.9801,24.24,35,100,7.01,LY,1713784052
396,chegdomyn,51.1167,133.0167,8.82,63,100,1.76,RU,1713784053
397,egilsstadir,65.2653,-14.3948,9.44,31,54,2.28,IS,1713784054
398,novofedorivka,46.1713,32.3178,12.56,62,100,5.97,UA,1713784055
399,brisas barra de suchiate,14.55,-92.2167,27.26,79,2,1.03,MX,1713784056
400,norilsk,69.3535,88.2027,-11.68,87,98,1.56,RU,1713784057
401,bamboo flat,11.7,92.7167,30.36,65,24,1.34,IN,1713784058
402,bengkulu,-3.8004,102.2655,27.89,83,95,1.72,ID,1713784059
403,tanout,14.9709,8.8879,38.35,19,98,5.43,NE,1713784060
404,santa elena de uairen,4.6167,-61.1333,21.06,75,61,0.74,VE,1713784061
405,bam,29.106,58.357,29.79,16,65,3.92,IR,1713784062
406,walvis bay,-22.9575,14.5053,26.27,42,2,8.0,NA,1713784063
407,wenling,28.3669,121.36,14.98,95,95,2.71,CN,1713784064
408,qandala,11.472,49.8728,31.2,61,92,3.37,SO,1713784065
409,minas de marcona,-15.2119,-75.1103,15.81,89,42,1.71,PE,1713784066
410,beni mellal,32.3373,-6.3498,23.69,33,0,2.92,MA,1713784067
411,lishui,28.4604,119.9103,19.56,96,96,1.7,CN,1713784068
412,mmabatho,-25.85,25.6333,30.21,18,9,6.24,ZA,1713784069
413,lepsy,46.235,78.9456,25.98,16,0,6.08,KZ,1713784070
414,hammerfest,70.6634,23.6821,-3.92,71,22,7.01,NO,1713784071
415,najran,17.4924,44.1277,28.43,32,56,2.63,SA,1713784072
416,taroa,8.7058,171.2275,27.86,85,92,7.53,MH,1713784073
417,queenstown,-31.8976,26.8753,27.33,29,99,8.2,ZA,1713783633
418,huarmey,-10.0681,-78.1522,20.31,90,18,3.29,PE,1713784075
419,jiazi,22.8779,116.067,23.98,94,93,7.24,CN,1713784076
420,chilca,-12.5211,-76.7372,20.45,91,87,2.07,PE,1713784077
421,laojunmiao,39.8333,97.7333,12.96,15,3,5.09,CN,1713784078
422,corfu,39.62,19.9197,16.62,53,100,0.93,GR,1713784079
423,copala,16.65,-98.9833,24.5,59,53,0.52,MX,1713784080
424,dombarovskiy,50.7587,59.5386,25.58,29,0,8.42,RU,1713784081
425,cascais,38.6979,-9.4215,19.58,58,37,3.06,PT,1713784082
426,ginir,7.1333,40.7,23.36,53,97,2.84,ET,1713784083
427,richards bay,-28.783,32.0377,33.83,34,78,1.47,ZA,1713784084
428,nsanje,-16.92,35.262,33.37,30,0,1.1,MW,1713784085
429,luanda,-8.8368,13.2343,30.08,70,97,1.33,AO,1713783602
430,i-n-salah,27.1935,2.4607,31.84,8,37,5.39,DZ,1713784087
431,al jawf,29.5,38.75,27.87,13,0,2.01,SA,1713784088
432,petukhovo,55.0692,67.9019,18.05,27,29,2.59,RU,1713784089
433,coutances,49.05,-1.4333,10.21,54,33,5.13,FR,1713784090
434,gornopravdinsk,60.05,69.9,-2.24,70,100,5.5,RU,1713784091
435,dubovskoye,47.4092,42.7575,20.0,33,1,4.23,RU,1713784092
436,popondetta,-8.7537,148.2534,24.73,96,67,1.03,PG,1713784093
437,bondo,3.8146,23.6866,38.94,27,82,1.16,CD,1713784094
438,flying fish cove,-10.4217,105.6791,28.18,83,29,8.04,CX,1713784095
439,seaford,50.7714,0.1027,9.09,53,30,3.81,GB,1713784066
440,alburquerque,39.2208,-7.0023,18.36,37,22,5.32,ES,1713784097
441,tulun,54.5611,100.5792,4.32,87,100,2.12,RU,1713784098
442,kamina,-8.7386,24.9906,27.1,59,7,3.17,CD,1713784099
443,cooper's town,26.8667,-77.5167,24.86,77,65,7.55,BS,1713784100
444,shahrud,36.4182,54.9763,22.48,25,100,6.18,IR,1713784101
445,cardigan,52.0847,-4.6591,10.91,83,99,5.44,GB,1713784102
446,semporna,4.4818,118.6112,28.07,77,13,1.9,MY,1713784103
447,caconda,-13.7333,15.0667,27.02,29,10,3.15,AO,1713784104
448,turki,51.987,43.2731,18.02,43,86,5.31,RU,1713784105
449,san antonio de pale,-1.4014,5.6325,29.2,74,98,2.14,GQ,1713784106
450,keflavik,64.0049,-22.5624,5.8,69,27,0.46,IS,1713784107
451,laminusa,5.5549,120.9136,29.38,78,11,3.12,PH,1713784109
452,birjand,32.8663,59.2211,24.88,20,63,4.04,IR,1713784111
453,laibin,23.7,109.2667,25.46,78,100,1.94,CN,1713784112
454,lobujya,27.95,86.8167,-5.27,77,100,3.9,NP,1713784113
455,keningau,5.3378,116.1602,23.85,97,98,0.76,MY,1713784114
456,sillamae,59.3997,27.7547,2.43,97,100,7.84,EE,1713784115
457,gizo,-8.103,156.8419,29.18,74,92,0.95,SB,1713784116
458,quezon,7.7303,125.0989,26.8,71,72,3.15,PH,1713784117
459,casper,42.8666,-106.3131,4.78,87,95,4.88,US,1713783959
460,priyutnoye,46.1011,43.5072,21.56,32,9,4.62,RU,1713784120
461,porto novo,6.4965,2.6036,33.75,50,97,3.83,BJ,1713784121
462,katsuura,35.1333,140.3,15.95,80,100,6.44,JP,1713784122
463,punta del este,-34.9667,-54.95,16.37,88,100,11.71,UY,1713784123
464,wangkui,46.8333,126.5,19.22,40,93,7.13,CN,1713784124
465,glace bay,46.1969,-59.957,4.42,83,100,5.37,CA,1713784126
466,joao pinheiro,-17.7425,-46.1725,21.11,75,52,2.37,BR,1713784127
467,doka,13.5167,35.7667,39.91,6,99,3.8,SD,1713784128
468,aasiaat,68.7098,-52.8699,0.45,89,100,3.89,GL,1713784129
469,smithers,54.7804,-127.1743,1.52,87,81,1.48,CA,1713784131
470,naze,28.3667,129.4833,20.44,91,100,0.83,JP,1713784132
471,ivdel',60.6911,60.4206,3.62,70,83,3.95,RU,1713784133
472,nuuk,64.1835,-51.7216,0.68,82,100,3.51,GL,1713784134
473,bataipora,-22.2953,-53.2711,22.28,75,0,2.48,BR,1713784135
474,kyren,51.6828,102.1408,7.48,68,94,1.21,RU,1713784136
475,buala,-8.145,159.5921,27.55,82,100,0.78,SB,1713784137
476,selty,57.3132,52.1345,20.63,47,88,5.51,RU,1713784138
477,makar'yev,57.8797,43.8069,18.56,69,98,6.03,RU,1713784139
478,dryden,49.7833,-92.7503,1.25,69,84,2.24,CA,1713784140
479,susuman,62.7833,148.1667,-10.63,96,36,0.89,RU,1713784141
480,harnosand,62.6323,17.9379,-0.72,67,75,5.38,SE,1713784142
481,dompierre-sur-mer,46.1882,-1.0635,10.52,55,5,5.02,FR,1713784143
482,campo gallo,-26.5833,-62.85,23.59,88,82,1.97,AR,1713784144
483,mochudi,-24.4167,26.15,32.14,19,1,2.41,BW,1713784145
484,lhasa,29.65,91.1,17.61,8,100,9.48,CN,1713784146
485,qaisumah,28.3112,46.1273,31.24,23,0,11.45,SA,1713784147
486,port augusta,-32.5,137.7667,19.03,37,2,1.61,AU,1713784148
487,murzuq,25.9155,13.9184,39.84,4,100,10.62,LY,1713784149
488,tam ky,15.5667,108.4833,28.96,68,52,3.61,VN,1713784150
489,al qubbah,32.7616,22.2424,29.69,16,100,14.82,LY,1713784151
490,altos,-5.0381,-42.46,26.73,73,54,1.81,BR,1713784152
491,torghay,49.6339,63.4981,27.55,25,0,8.04,KZ,1713784154
492,luganville,-15.5333,167.1667,26.8,89,70,0.67,VU,1713784156
493,shengli,37.4564,118.4856,21.28,48,100,4.96,CN,1713784157
494,tsiombe,-25.3,45.4833,29.87,36,0,3.55,MG,1713784158
495,zell am see,47.3256,12.7944,-0.3,77,100,2.96,AT,1713784159
496,dawesville,30.9224,-84.0091,9.57,72,1,3.45,US,1713784160
497,north ward,-19.2454,146.8075,22.57,82,0,4.16,AU,1713784161
498,la'ie,21.6477,-157.9253,22.31,70,43,8.19,US,1713784162
499,vila do maio,15.1333,-23.2167,22.64,68,91,5.78,CV,1713784163
500,jaisalmer,26.9147,70.9181,36.24,11,1,2.72,IN,1713784164
501,rawson,-43.3002,-65.1023,8.76,70,74,5.28,AR,1713784165
502,berdigestyakh,62.0989,126.6992,1.4,100,100,3.53,RU,1713784166
503,wagar,16.1525,36.2032,39.19,9,3,3.75,SD,1713784167
504,kapuskasing,49.4169,-82.4331,-7.57,72,100,2.07,CA,1713784168
505,hovd,48.0056,91.6419,19.26,10,61,2.14,MN,1713784169
506,kuraymah,18.55,31.85,39.47,6,0,6.56,SD,1713784170
507,bemidji,47.4736,-94.8803,5.62,59,100,4.22,US,1713784171
508,tegueste,28.5167,-16.3167,17.56,77,98,4.85,ES,1713784172
509,pisco,-13.7,-76.2167,19.81,91,49,2.0,PE,1713784173
510,kavadarci,41.4331,22.0119,15.49,50,99,2.0,MK,1713783951
511,labuan,5.2767,115.2417,28.8,77,94,1.93,MY,1713784175
512,hohhot,40.8106,111.6522,10.03,41,100,10.89,CN,1713784176
513,chibougamau,49.9168,-74.3659,-15.72,76,63,4.44,CA,1713784177
514,tabou,4.423,-7.3528,30.74,67,96,1.7,CI,1713784178
515,vyazemskiy,47.5378,134.7525,10.87,59,89,3.39,RU,1713784179
516,hiawatha,42.0358,-91.6821,3.88,69,6,3.52,US,1713784180
517,yuanping,38.7153,112.7575,20.97,14,99,5.09,CN,1713784181
518,neftekamsk,56.092,54.2703,23.86,51,86,3.06,RU,1713784182
519,illizi,26.4833,8.4667,37.13,6,62,8.51,DZ,1713784183
520,polyarnyy,69.1989,33.4478,-6.8,66,5,10.16,RU,1713784184
521,fauske,67.2588,15.3918,-0.56,62,21,3.5,NO,1713784185
522,funadhoo,6.15,73.2667,30.2,74,99,4.6,MV,1713784186
523,ulladulla,-35.35,150.4667,14.92,89,1,2.59,AU,1713784065
524,rupert,42.6191,-113.6772,6.63,40,100,6.63,US,1713784188
525,pampas,-12.4,-74.9,7.21,82,87,0.65,PE,1713784190
526,hoopstad,-27.8327,25.9083,29.56,16,70,7.97,ZA,1713784191
527,masterton,-40.9597,175.6575,7.07,94,85,1.7,NZ,1713784181
528,vorkuta,67.5,64.0,-9.81,88,100,5.85,RU,1713784194
529,ar ruways,24.1103,52.7306,34.53,30,2,1.84,AE,1713784195
530,prestea,5.4327,-2.1428,31.27,63,100,2.31,GH,1713784197
531,sason,38.3364,41.413,22.75,29,1,3.64,TR,1713784198
532,chinacota,7.6073,-72.6011,17.86,94,100,1.02,CO,1713784199
533,zavitinsk,50.1167,129.45,12.97,41,100,9.28,RU,1713784200
534,zheleznogorsk-ilimskiy,56.5768,104.1217,1.99,85,100,2.82,RU,1713784201
535,palikir - national government center,6.9248,158.1611,27.95,81,56,9.19,FM,1713784203
536,baker city,44.7749,-117.8344,0.53,58,6,0.98,US,1713783970
537,mramani,-12.3464,44.5286,28.45,77,100,4.27,KM,1713784205
538,east ballina,-28.8667,153.5833,21.01,70,76,6.56,AU,1713784207
539,sechura,-5.5569,-80.8222,22.57,78,100,4.41,PE,1713784208
540,aswan,24.0934,32.907,37.24,7,4,4.73,EG,1713784209
541,piti village,13.4626,144.6933,27.27,78,21,6.2,GU,1713784210
542,paraiso,9.8383,-83.8656,17.23,97,83,1.36,CR,1713784211
543,jinchang,38.4953,102.1739,13.03,17,1,7.38,CN,1713784212
544,whakatane,-37.9585,176.9854,14.26,81,96,2.48,NZ,1713784125
545,klaksvik,62.2266,-6.589,6.68,80,25,2.57,FO,1713784214
546,nekrasovskoye,57.6766,40.3657,17.12,81,100,6.57,RU,1713784215
547,belen,36.4891,36.2233,18.28,43,18,3.27,TR,1713784216
548,fort leonard wood,37.7057,-92.1572,2.34,64,0,1.64,US,1713784217
549,chadan,51.2833,91.5833,9.32,73,100,1.62,RU,1713784218
550,pacasmayo,-7.4006,-79.5714,20.27,86,40,3.56,PE,1713784219
551,abatskoye,56.2875,70.4555,15.12,39,22,6.85,RU,1713784220
552,labuan bajo,-8.4964,119.8877,26.44,88,100,1.59,ID,1713784221
553,del rio,29.3627,-100.8968,15.63,61,100,5.38,US,1713784223
